2527248	债务违约	康得投资集团有限公司
2182665	股票转让-股权受让	浙江一景乳业股份有限公司
2601297	交易违规	广州吉福物流配送有限公司
2623216	商业信息泄露	山东润成汽车销售融资担保有限公司
2401535	股票转让-股权受让	广西印象刘三姐旅游文化产业投资有限责任公司
2419551	交易违规	武汉中商集团股份有限公司
2250586	交易违规	连云港市镧溪新材料有限公司
3087291	债务违约	中国华源集团有限公司
3092862	股票转让-股权受让	重庆茂余燃气设备股份有限公司公司
2677328	股票转让-股权受让	东莞勤上公司
2769048	债务违约	宁夏隆湖房地产开发集团有限公司
2904457	股票转让-股权受让	西藏矿业发展股份有限公司
2321788	股票转让-股权受让	南京文澜崇光房地产开发有限公司
2516490	股票转让-股权受让	吉林粮食集团有限公司
2440777	股票转让-股权受让	云南煤化
2541072	股票转让-股权受让	中麦控股有限公司
2185211	交易违规	安信证券
2758471	债务违约	五雷大华
2426827	股票转让-股权受让	安徽天智信息科技集团股份有限公司
2420093	股票转让-股权受让	华强公司
2831498	股票转让-股权受让	广东盛兆信用担保有限公司
2508839	股票转让-股权受让	湖南水总水电建设集团有限公司
2873776	股票转让-股权受让	浙江尤夫高新纤维股份有限公司
2555159	债务违约	安徽强英鸭业集团有限公司
2520842	股票转让-股权受让	神雾环保技术股份有限公司
2337818	交易违规	中福海峡（平潭）发展股份有限公司事业股份有限公司
2243189	交易违规	沈阳大吉实业有限公司
2197400	交易违规	正典公司
3047120	股票转让-股权受让	广州证券
2587682	债务违约	吉林成城集团股份有限公司
2298865	债务违约	大连控股
2612850	股票转让-股权受让	四通巨光高新技术发展（控股）有限公司
2445639	交易违规	深圳粤海实业投资发展有限公司
2260869	交易违规	宁波市镇海银亿股份有限公司开发有限公司
2295741	股票转让-股权受让	重庆茂余燃气设备股份有限公司公司
2343354	交易违规	上海江苏华源建筑设计研究院股份有限公司有限公司
2375716	债务违约	厦门市住房置业担保有限公司
2787007	债务违约	山海天公司
2976923	股票转让-股权受让	众信旅游
2809575	交易违规	渤海信托
2708822	交易违规	世好公司
2920482	交易违规	金田实业（集团）股份有限公司
2148028	交易违规	广州市财京融资担保有限公司
2527141	业务资产重组	兴业矿业
2626883	交易违规	京浩矿业
2704863	股票转让-股权受让	广东方圆集团有限公司
2874708	股票转让-股权受让	远见公司
2317782	业务资产重组	海南瑞泽新型建材股份有限公司
2411913	股票转让-股权受让	汉寿广源麻业公司
2607407	股票转让-股权受让	文山七合农业科技发展股份有限公司
2804470	股票转让-股权受让	中新能化
2630914	交易违规	步森股份
2890296	债务违约	大唐发电
3015696	债务违约	泛海控股
2266994	股票转让-股权受让	伟信担保
2605647	交易违规	鄂州恩康服饰有限公司
2234902	股票转让-股权受让	禾声科技
2739084	交易违规	网易考拉
2336630	股票转让-股权受让	龙薇传媒
2570265	债务违约	西藏银河科技发展股份有限公司
2398952	股票转让-股权受让	江苏昆山通用电气有限公司
2268345	债务违约	宁夏华泽房地产开发有限公司
2467398	交易违规	北京顺达创业投资担保有限公司
2490339	债务违约	湖北金大昌中小企业融资担保有限公司
2312276	股票转让-股权受让	珠海金稻公司
2933411	股票转让-股权受让	民生证券股份有限公司
2636191	股票转让-股权受让	凯瑞德控股股份有限公司
2875378	业务资产重组	康得新股份
2279653	股票转让-股权受让	大连福美贵金属贸易有限公司
2191276	股票转让-股权受让	中国民生银行股份有限公司
2841574	债务违约	云南金源融资担保有限公司
2236504	股票转让-股权受让	湖南信托
2429820	股票转让-股权受让	湖南千山制药机械股份有限公司
3086521	股票转让-股权受让	大唐发电
2607329	股票转让-股权受让	上海海博鑫惠国际贸易有限公司公司
2448479	交易违规	康得新对光电公司
2956019	业务资产重组	万鸿集团股份有限公司
2459473	股票转让-股权受让	广厦控股
2733777	交易违规	兴业银行股份有限公司
2496717	股票转让-股权受让	天津燕宇置业有限公司
2516046	交易违规	广州市佳源实业有限公司
3005948	债务违约	广东固基建筑工程有限公司
2475800	债务违约	湖南千山制药机械股份有限公司
2757212	股票转让-股权受让	广汇集团
2832215	交易违规	贵州乾宝通汇融资担保股份有限公司
2204242	股票转让-股权受让	安徽国风塑业股份有限公司
2767958	交易违规	北京银行股份有限公司
2319432	股票转让-股权受让	成都川交工贸有限责任公司
2459657	交易违规	海南中平木业有限公司
2911587	债务违约	广西印象刘三姐旅游文化产业投资有限责任公司
2683570	股票转让-股权受让	越秀金控
2528252	股票转让-股权受让	TCL集团
2547367	业务资产重组	中信证券
2822492	股票转让-股权受让	普信
2718094	交易违规	越秀金控
3112254	股票转让-股权受让	安徽广源科技发展有限公司
2201934	交易违规	上钢(上海冶金控股集团公司
2146933	交易违规	海南航空控股股份有限公司
2865805	交易违规	中信证券
2183852	股票转让-股权受让	湖南资管
2950771	股票转让-股权受让	中船科技
2680119	业务资产重组	洪都航空
2465962	业务资产重组	富贵鸟
2742842	履行连带担保责任	中国船舶
3049692	业务资产重组	福特
2881319	交易违规	邮政集团公司
2574194	债务违约	中信证券
2807310	交易违规	越秀金控
2542484	股票转让-股权受让	亿利洁能
2420172	股票转让-股权受让	深深房
2738848	涉嫌传销	我爱我家
2630693	交易违规	奥钢联
3038738	股票转让-股权受让	华邦健康
2734965	股票转让-股权受让	中信证券
3025108	股票转让-股权受让	长江流域
2599570	交易违规	呼伦贝尔农垦集团
3045274	履行连带担保责任	中泰证券股份有限公司
2298572	股票转让-股权受让	乐视汽车
2260513	股票转让-股权受让	广州证券
2174877	股票转让-股权受让	广州证券控股股东越秀控股
2262206	债务违约	Uber
2970599	交易违规	上海临港集团
3016413	股票转让-股权受让	深深房
2155840	交易违规	恒丰银行
2535731	业务资产重组	工夫影业
2206002	业务资产重组	绿地控股集团股份有限公司
2873316	股票转让-股权受让	上海至纯洁净系统科技股份有限公司
2761901	交易违规	江南嘉捷电梯股份有限公司
3137151	股票转让-股权受让	四通一达
2247395	股票转让-股权受让	中船防务
2938385	业务资产重组	德奥通用航空股份有限公司
2377716	交易违规	奈电软性科技电子(珠海)有限公司
2779151	交易违规	兆新股份
2216177	业务资产重组	武汉中商集团股份有限公司
2592902	履行连带担保责任	北京嘉林药业股份有限公司
2281949	股票转让-股权受让	中原特钢股份有限公司
2511680	交易违规	延安必康
2190118	股票转让-股权受让	宝通科技
2590695	股票转让-股权受让	中信证券
2548568	交易违规	江苏润邦重工股份有限公司
2306938	交易违规	中海发展
2855969	债务违约	博创科技
2360140	股票转让-股权受让	东方明珠
2178426	股票转让-股权受让	Yalla
2859216	股票转让-股权受让	中信证券
2263350	业务资产重组	汇金科技
2935880	交易违规	中信泰富
3078219	债务违约	申通收购天天快递
2982752	债务违约	中信证券
2713693	债务违约	广东万家乐股份有限公司
2717651	业务资产重组	瑞云科技
3012662	股票转让-股权受让	穗恒运A和越秀金控
2648291	股票转让-股权受让	京东
2745786	股票转让-股权受让	中南文化
2811194	业务资产重组	亚夏汽车
2836220	交易违规	巨人网络
3023350	业务资产重组	易成新能
2231624	业务资产重组	深深房
2974154	股票转让-股权受让	中粮地产
3014146	交易违规	国电南瑞 科技股份有限公司
3089442	债务违约	广发银行
2824957	股票转让-股权受让	中国化工
2530068	交易违规	北京盛世骄阳文化传播有限公司
2919721	业务资产重组	西南证券股份有限公司
2154926	股票转让-股权受让	蓝瀚（上海）科技有限公司
3099825	债务违约	冠昊生物科技股份有限公司
2606371	债务违约	集富亚洲
2965099	业务资产重组	中国动力
2350585	股票转让-股权受让	三峡水利
2286036	债务违约	北京诚益通控制工程科技股份有限公司
2264723	业务资产重组	越秀金控
2386110	股票转让-股权受让	深深房
2622278	股票转让-股权受让	南山人寿
2345614	履行连带担保责任	中闽能源
2333328	股票转让-股权受让	中国三峡集团
2724061	债务违约	国信机械
2985159	股票转让-股权受让	深深房
2177431	股票转让-股权受让	苏州泰嘉电子股份有限公司
2786146	业务资产重组	通用电气
2658021	债务违约	浙富控股
2491921	股票转让-股权受让	中国铁物
2834280	履行连带担保责任	华融资产
2512897	交易违规	中泰证券
2584581	交易违规	大富配天投资
2184357	债务违约	中钢国际工程技术股份有限公司
2348088	交易违规	吉林华微电子股份有限公司
2396793	债务违约	中民投
3035581	业务资产重组	海南中航特玻
2273839	股票转让-股权受让	山东能源集团
2684075	业务资产重组	泛海控股
2163014	交易违规	中信国安集团
2461521	交易违规	永泰国际控股
3063018	债务违约	九州通
2395779	业务资产重组	中国铁物
2922811	交易违规	华业资本
2237608	业务资产重组	广东粤海公司
2234315	股票转让-股权受让	昊天公司
2363603	股票转让-股权受让	港桥投资
2617445	交易违规	永泰能源
2526095	交易违规	北方国际信托
2959252	交易违规	国元证券
3043788	股票转让-股权受让	中国铁物
3005150	股票转让-股权受让	广州粤泰又与北方国际信托股份有限公司
2299660	交易违规	庞大集团
2703293	股票转让-股权受让	肥矿新公司
2999726	投诉维权	中航三鑫
2647399	股票转让-股权受让	武汉公司
2740831	股票转让-股权受让	招商证券
2816255	债务违约	中信集团
2771267	债务违约	云南中豪集团
2417860	业务资产重组	英利何来
2328487	交易违规	陕西坚瑞沃能股份有限公司
2169000	股票转让-股权受让	西安大唐
2373061	交易违规	农业银行
2629979	交易违规	永泰集团
2797635	股票转让-股权受让	天津市房地产发展（集团）股份有限公司
2446282	股票转让-股权受让	粤泰股份
2171455	股票转让-股权受让	长城资产
2203010	债务违约	FF宣布“公司
2602209	股票转让-股权受让	永泰能源
2453590	股票转让-股权受让	美国Hercules Offshore公司
2529252	股票转让-股权受让	河南盛润控股集团有限公司
2631294	股票转让-股权受让	潍柴集团
2889521	股票转让-股权受让	中信集团
3071447	业务资产重组	大唐煤化工
2739586	业务资产重组	复星旅文
2515518	股票转让-股权受让	甘肃银行
2715455	股票转让-股权受让	金康新能源
3022519	交易违规	重庆思亚医药
2724330	交易违规	国泰君安证券
2449964	股票转让-股权受让	大唐煤化工
2244331	履行连带担保责任	西安大唐
2908298	交易违规	锦西化工总厂
2362643	交易违规	国泰君安证券
2250833	股票转让-股权受让	海南中航
2466550	债务违约	山西交控集团
2379945	股票转让-股权受让	谛航集团
2744155	业务资产重组	英利
3034106	股票转让-股权受让	中航三鑫
2674987	交易违规	重庆思亚医药
3097318	股票转让-股权受让	长城资产
2791447	交易违规	西安大唐
2174493	交易违规	陕西坚瑞沃能股份有限公司
2714751	股票转让-股权受让	九州通控股股东楚昌投资
3010622	债务违约	泛海控股
2408526	股票转让-股权受让	粤泰股份
2390632	业务资产重组	理想宝公司
2944907	股票转让-股权受让	中信国安
3017180	债务违约	大富配天
2390515	债务违约	中民投
2531800	交易违规	新光控股
2544670	债务违约	永泰能源股份有限公司
2649265	股票转让-股权受让	山西安泰集团股份有限公司
2557950	股票转让-股权受让	西安大唐
2753325	股票转让-股权受让	三联集团
2347758	债务违约	福建众和股份有限公司
2440349	实际控制人变更	西安大唐
2739239	债务违约	大富配天投资
2437454	交易违规	山西安泰集团股份有限公司
2708268	交易违规	开源证券
2853075	交易违规	重庆思亚医药
2575558	交易违规	能投集团
2609852	股票转让-股权受让	长城资产
2745339	股票转让-股权受让	华锐风电科技(集团)股份有限公司
2957192	股票转让-股权受让	*ST步森
2710326	股票转让-股权受让	银亿股份有限公司
3006949	交易违规	永泰能源
2852518	股票转让-股权受让	中豪集团
2257221	业务资产重组	广东粤海公司
2183827	股票转让-股权受让	信达投资
2419727	股票转让-股权受让	四川升达林业产业股份有限公司
2363918	债务违约	西王食品股份有限公司
2310219	股票转让-股权受让	浙江第五季及凯瑞德控股股份有限公司
3033742	债务违约	河北养元智汇饮品股份有限公司
3039172	交易违规	顾地科技股份有限公司
2480403	股票转让-股权受让	北京首商集团股份有限公司
2228754	债务违约	天马轴承集团股份有限公司
2463685	股票转让-股权受让	金亚科技股份有限公司
2802438	交易违规	厦门易名科技股份有限公司
2678803	交易违规	振兴生化股份有限公司
3019354	股票转让-股权受让	江苏高能时代在线股份有限公司
3137600	股票转让-股权受让	南京中央商场（集团）股份有限公司
2412433	交易违规	中科云网科技集团股份有限公司
2762387	股票转让-股权受让	福建星网锐捷通讯股份有限公司
3002603	交易违规	环能科技股份有限公司
2791612	债务违约	山东鸿源金属容器科技股份有限公司
2992060	股票转让-股权受让	成都我来啦网格信息技术有限公司
2150490	股票转让-股权受让	合慧伟业
2794732	债务违约	北京腾信创新网络营销技术股份有限公司
2619241	股票转让-股权受让	*ST信威
2669753	股票转让-股权受让	焦作万方铝业股份有限公司
2791123	履行连带担保责任	亿阳信通股份有限公司
2185451	股票转让-股权受让	中国证券登记结算有限责任公司
2780765	股票转让-股权受让	浙江祥源文化股份有限公司
2716184	股票转让-股权受让	中科云网科技集团股份有限公司
2543550	债务违约	深圳市大富科技股份有限公司
2945371	交易违规	大连金泰表面工程科技股份有限公司
2361129	股票转让-股权受让	徐州丰利科技发展有限公司
3113761	债务违约	徐州科融环境资源股份有限公司
2827698	业务资产重组	高升控股股份有限公司
2252547	交易违规	金科机电
2342403	交易违规	河南科迪乳业股份有限公司
3006595	股票转让-股权受让	江苏宏达新材料股份有限公司
3143432	股票转让-股权受让	成都米米乐电子商务股份有限公司
3055082	交易违规	上海富控互动娱乐股份有限公司
2600167	交易违规	铜陵精达特种电磁线股份有限公司
2250988	股票转让-股权受让	华塑控股股份有限公司
2961553	交易违规	大连大福控股股份有限公司
2776237	涉嫌违法	大连电瓷集团股份有限公司
2173807	债务违约	深圳墨麟科技股份有限公司
2179951	股票转让-股权受让	太原狮头水泥股份有限公司
2888689	股票转让-股权受让	四川宏达股份有限公司
2183388	股票转让-股权受让	万达信息
2459919	股票转让-股权受让	泰德建实业公司
2905478	股票转让-股权受让	上海三毛企业（集团）股份有限公司
2146341	交易违规	北京蓝天瑞德环保技术股份有限公司
2639879	债务违约	山西澳坤生物农业股份有限公司
2502651	债务违约	亿阳信通股份有限公司
2685548	股票转让-股权受让	浙江祥源文化股份有限公司
2483355	债务违约	西藏银河科技发展股份有限公司
2846954	交易违规	英达钢构
3091600	股票转让-股权受让	天地科技股份有限公司
2167953	交易违规	印纪娱乐传媒股份有限公司
2419853	股票转让-股权受让	天津泰达投资控股有限公司
2252629	股票转让-股权受让	湖北天发实业集团有限公司
2663357	股票转让-股权受让	中科云网科技集团股份有限公司
2249583	股票转让-股权受让	光大浸辉
2190914	股票转让-股权受让	丹东欣泰电气股份有限公司
2219664	交易违规	湖北嘉信投资集团有限公司
2846176	股票转让-股权受让	中核华原钛白股份有限公司
2464777	履行连带担保责任	天海防务
3098396	股票转让-股权受让	浙江东晶电子股份有限公司
2424005	提现困难	深圳大通实业股份有限公司
2276578	股票转让-股权受让	智付集团
2311514	股票转让-股权受让	营口港务股份有限公司
2740294	债务违约	铜陵精达特种电磁线股份有限公司
2473154	债务违约	黑龙集团公司
2484465	交易违规	加多宝集团
2981650	债务违约	丹东欣泰电气股份有限公司
2759332	股票转让-股权受让	盛达矿业股份有限公司
3132760	债务违约	中科云网科技集团股份有限公司
2645900	债务违约	奥瑞德光电股份有限公司
3082517	交易违规	安徽盛运环保（集团）股份有限公司
2486046	股票转让-股权受让	南京银行股份有限公司
2504146	股票转让-股权受让	光大兴陇信托
2705807	交易违规	上海新梅置业股份有限公司
2391519	交易违规	安徽盛运环保（集团）股份有限公司
3142853	交易违规	辽宁科隆精细化工股份有限公司
2471622	股票转让-股权受让	蓝鲸保险
3127016	债务违约	凯瑞德控股股份有限公司
2412100	股票转让-股权受让	中科云网科技集团股份有限公司
2747939	股票转让-股权受让	今创集团股份有限公司
3111883	股票转让-股权受让	华昌达智能装备集团股份有限公司
2482124	股票转让-股权受让	韩国三星电子
2791117	债务违约	安徽白兔湖动力股份有限公司
2524594	交易违规	恒康医疗集团股份有限公司
2641372	股票转让-股权受让	中江信托
2547850	债务违约	斯太尔动力股份有限公司
2782453	股票转让-股权受让	深圳市物业发展（集团）股份有限公司
2645027	股票转让-股权受让	暴风集团股份有限公司
2532651	交易违规	成都西囡妇科医院有限公司
2814945	股票转让-股权受让	INGA
2540443	资金紧张	博创科技股份有限公司
3004993	债务违约	诚邦富吉
2431506	交易违规	江苏华源
2712936	债务违约	上海万科及复地投资
3076707	交易违规	潞安环能
2914623	股票转让-股权受让	万达金融
2488786	债务违约	紫光国微
2473863	商业信息泄露	安邦集团
3055151	股票转让-股权受让	会稽山
2986654	股票转让-股权受让	金港控股
2219961	交易违规	三胞集团
2956092	债务违约	江苏国信
2154602	交易违规	中化物流
3000484	债务违约	辽宁糖业
2942056	债务违约	江苏民营投资控股有限公司
3014370	债务违约	华润信托
3141765	交易违规	武汉当代明诚文化股份有限公司
2285364	商业信息泄露	迪信通
2235493	交易违规	安见汉时科技有限公司
2244403	债务违约	路特斯
2466578	业务资产重组	双环传动
2611573	股票转让-股权受让	华海财险
2609928	债务违约	英特尔
3123319	债务违约	山东黄金
2821876	债务违约	武安顶峰
2873796	股票转让-股权受让	ST景谷
2773319	股票转让-股权受让	九洲药业
2869834	交易违规	北京庆云洲际科技
3122723	业务资产重组	绿京华
2914505	债务违约	蒙大矿业
2926910	股票转让-股权受让	长安信托
2811662	债务违约	国泰君安创新投资有限公司
2938887	业务资产重组	万浩亚洲有限公司
3027222	业务资产重组	山东黄金
2510907	股票转让-股权受让	华棉网科技
2337138	交易违规	绿城27.18亿收购百年人寿
2736030	债务违约	牡丹江国富投资中心
2563133	股票转让-股权受让	中星集团
2614224	债务违约	渤海活塞
2681836	交易违规	蒙牛乳业
2756207	债务违约	成都绿城川菜小镇实业有限公司
2535733	股票转让-股权受让	四川悦烨房地产开发有限公司
2251562	股票转让-股权受让	华润置地
2178519	股票转让-股权受让	无锡金科
2360176	股票转让-股权受让	北汽集团
2471036	股票转让-股权受让	锦州银行
3099555	债务违约	丰田汽车
2422699	债务违约	中经汇通
2347067	债务违约	江苏双沟酒业
2808790	债务违约	立昂技术
2283125	交易违规	中航善达
3095224	股票转让-股权受让	珠海明骏
2737653	交易违规	振静股份
2729855	交易违规	华泰保险股权的包括华润股份
2982191	债务违约	江特电机
2668546	交易违规	北京威卡威汽车零部件股份有限公司
2455871	交易违规	中天金融
2653722	债务违约	稻草熊影业
2547085	股票转让-股权受让	新余睿景企业管理服务有限公司
2463458	业务资产重组	中信国安
3106806	股票转让-股权受让	万达集团
2872459	债务违约	武汉中商
2307242	债务违约	英唐智控
2153356	股票转让-股权受让	金智科技
2174792	交易违规	京粮控股
2477263	债务违约	光明地产
2887110	业务资产重组	富通投资管理
2367956	股票转让-股权受让	海鹰集团
3019164	股票转让-股权受让	格力电器
3021852	股票转让-股权受让	南京港
3041951	债务违约	华创阳安股份有限公司
2561357	股票转让-股权受让	同方股份
3092761	业务资产重组	江苏传艺科技股份有限公司
3105831	债务违约	上海彤中与杭州元信东朝签署了《关于中策橡胶集团有限公司
2980350	债务违约	武汉双建科技发展有限公司
2681116	业务资产重组	裕丰汉唐
2796072	股票转让-股权受让	恒健控股
2414176	股票转让-股权受让	锦龙股份子公司锦龙地产
2900063	股票转让-股权受让	美年健康
2630198	债务违约	路特斯
2578974	股票转让-股权受让	木林森
2391155	交易违规	百济神州
2556250	股票转让-股权受让	瑞铁股份
3112201	业务资产重组	中甲新军
2521758	股票转让-股权受让	奥马电器
2831692	债务违约	爱科云通
2169682	股票转让-股权受让	金沙投资
3141982	交易违规	百年人寿
2201862	股票转让-股权受让	交通银行
2250667	交易违规	今日头条
3115511	交易违规	安乃达驱动技术(上海)股份有限公司
2815939	交易违规	长白山旅游股份有限公司
3091797	交易违规	中信证券
2794381	债务违约	安泰科技股份有限公司
3124247	交易违规	北京君德同创农牧科技股份有限公司
2924747	债务违约	优衣库
3095660	债务违约	上海安威士科技股份有限公司
2277267	交易违规	浙江步森服饰股份有限公司
2262062	交易违规	嘀嘀
2289357	股票转让-股权受让	威马汽车
3067380	业务资产重组	威马汽车
2568299	债务违约	东航
2842609	股票转让-股权受让	北京海量数据技术股份有限公司
2281418	股票转让-股权受让	浙江吉利控股集团
3098058	股票转让-股权受让	郑州宇通客车股份有限公司
2705354	股票转让-股权受让	特斯拉
2272451	业务资产重组	鹤壁市反光材料有限公司
2450192	股票转让-股权受让	东方财富信息股份有限公司
2778556	股票转让-股权受让	百合网
2682338	股票转让-股权受让	智联招聘
2432829	业务资产重组	华为
2951864	债务违约	易成新能
2598241	股票转让-股权受让	浙江吉利控股集团有限公司
2510061	交易违规	洛阳智达石化工程有限公司
2995712	股票转让-股权受让	深圳家电网科技实业股份有限公司
2805650	股票转让-股权受让	上海中兴易联通讯股份有限公司
2746076	股票转让-股权受让	运满满
2823349	资金账户风险	acebook
2571087	股票转让-股权受让	同为数码科技股份有限公司
2470941	股票转让-股权受让	唯品会
2574221	交易违规	吉利
2597949	股票转让-股权受让	京东
3122277	债务违约	沈阳新松机器人自动化股份有限公司
3062884	业务资产重组	华易通
2388865	债务违约	威马汽车
2159465	资金紧张	凤凰科技
2775338	业务资产重组	威马汽车
2419658	交易违规	广州金谷影视投资有限公司
2837772	交易违规	众宜风险管理网
3124284	债务违约	国深圳家电网科技实业股份有限公司
2529019	债务违约	宁波杉杉股份有限公司
3132105	股票转让-股权受让	北京泰迪熊移动科技有限公司
2248376	债务违约	沈阳新松机器人自动化股份有限公司
2308266	交易违规	云南鸿翔一心堂药业(集团)股份有限公司
3032139	股票转让-股权受让	上海宽娱北京数码视讯科技股份有限公司
2744209	债务违约	三六零安全科技股份有限公司
2854803	业务资产重组	深圳市理邦精密仪器股份有限公司
2269648	股票转让-股权受让	万豪国际
2553494	股票转让-股权受让	华夏银行
3117807	交易违规	北京嘀嘀无限科技发展有限公司
2683703	债务违约	四川天府银行股份有限公司
2923357	债务违约	浙江核新同花顺网络信息股份有限公司
2352456	股票转让-股权受让	威马汽车
2717154	股票转让-股权受让	广东自动化电气股份有限公司
3137900	股票转让-股权受让	优衣库
2238266	业务资产重组	威马
2370160	交易违规	北京酷车易美网络科技有限公司
2952966	债务违约	浙江吉利控股集团有限公司
2878733	股票转让-股权受让	东航
2886601	债务违约	江苏索普化工股份有限公司
2612736	债务违约	亚马逊上海安威士科技股份有限公司
2963702	股票转让-股权受让	广东澄星无人机股份有限公司
2882974	交易违规	上海安威士科技股份有限公司
2271162	股票转让-股权受让	唐山港集团股份有限公司
2723778	股票转让-股权受让	中信银行
2162845	交易违规	百合佳缘网络集团股份有限公司
2745253	股票转让-股权受让	中信证券
3003794	股票转让-股权受让	瑞银
2752707	股票转让-股权受让	招商银行股份有限公司
2585648	业务资产重组	万豪酒店
3139420	股票转让-股权受让	中节能太阳能股份有限公司
2992515	股票转让-股权受让	东软集团
2507155	资金账户风险	上海安威士科技股份有限公司
2399383	股票转让-股权受让	中国工商银行股份有限公司
2816217	股票转让-股权受让	桑德伯格
2647605	债务违约	浙江吉利控股有限公司
2363438	债务违约	Waymo
2499269	股票转让-股权受让	Facebook
2778979	股票转让-股权受让	华夏银行
3146069	债务违约	浙江吉利控股集团
2795613	股票转让-股权受让	人民网股份有限公司
2723816	股票转让-股权受让	上海华菱电站成套设备股份有限公司
2272697	交易违规	吉利
2979930	股票转让-股权受让	富士康诉比亚迪股份有限公司
2746890	交易违规	中信证券
2517528	资金紧张	四川宏达股份有限公司
2170644	债务违约	湖北知音传媒股份有限公司
2870491	股票转让-股权受让	吉利汽车
2283364	交易违规	中弘股份
2973940	股票转让-股权受让	湖南千山制药机械股份有限公司
2531597	交易违规	青海盐湖工业股份有限公司
2919108	业务资产重组	中国民生银行股份有限公司
2545030	交易违规	包商银行
2625554	业务资产重组	鸿博平台
2310480	交易违规	青年汽车集团有限公司
3069215	股票转让-股权受让	中国城市建设控股集团有限公司
2707979	交易违规	试领号北讯集团
2663922	业务资产重组	中泰证券
3123987	股票转让-股权受让	丹东港集团
2985729	业务资产重组	陕西坚瑞沃能股份有限公司
2426878	股票转让-股权受让	网信证券
3109636	交易违规	绿地控股
2538732	业务资产重组	金信基金
2787659	股票转让-股权受让	中国长城 资产管理股份有限公司
2631077	资金紧张	华业资本
2851728	资产负面	陕西坚瑞沃能股份有限公司
2868064	债务违约	安信信托
2638836	股票转让-股权受让	华业资本
2608305	交易违规	中弘控股股份有限公司
3019208	股票转让-股权受让	永泰能源
2522888	股票转让-股权受让	三鼎集团
2497882	股票转让-股权受让	中金- 2015年第一期小额贷款资产支持证券专项计划》公布的阿里小贷
2561631	交易违规	中航信托公司
2602475	交易违规	河北兴邦车业股份有限公司
2815034	股票转让-股权受让	康得新光电
2350900	债务违约	博源集团
3077664	股票转让-股权受让	包商银行股份有限公司
2439400	债务违约	踩雷上市公司
2620017	交易违规	永泰能源
2643743	业务资产重组	融华信托
2848298	债务违约	中江信托
3080542	债务违约	华宝信托
3137193	交易违规	精功科技
2537046	债务违约	信威集团
2449524	股票转让-股权受让	八达园林
2797456	交易违规	东方红
2545995	债务违约	东兴证券
3050013	债务违约	安信信托
2746497	交易违规	江阴银行
2323079	业务资产重组	长乐亚新污水处理有限公司
2701400	涉嫌违法	民众金融
2435426	交易违规	天翔环境
2781379	交易违规	东方金钰
2519044	股票转让-股权受让	陕西坚瑞沃能股份有限公司
2990108	股票转让-股权受让	中融信托
2931707	债务违约	中融民信
2695605	股票转让-股权受让	东海证券
2539469	交易违规	网信证券
2908336	股票转让-股权受让	盐湖股份
2481494	股票转让-股权受让	中融国际信托有限公司
2938711	交易违规	天翔环境
2948136	债务违约	中泰信托
2517554	股票转让-股权受让	山东龙力生物科技股份有限公司
3114669	债务违约	有融网
3054033	交易违规	小牛在线
2818912	股票转让-股权受让	安信信托
2307870	交易违规	奥马电器
2316085	交易违规	丹东银行
2576555	涉嫌传销	洛娃集团
2469469	股票转让-股权受让	阳光凯迪
2352422	交易违规	乐视网信息技术(北京)股份有限公司
2190228	债务违约	陕西坚瑞沃能股份有限公司
2995241	股票转让-股权受让	精功集团
2884981	交易违规	中信国安
3112371	财务造假	中泰信托
2653681	债务违约	博源控股
2775373	股票转让-股权受让	华讯方舟股份有限公司全资子公司国蓉科技有限公司
3056647	交易违规	陕西坚瑞沃能股份有限公司
2426913	交易违规	爱建证券
3029737	交易违规	中城建
2527060	债务违约	中江信托
2396755	交易违规	安信信托
2787121	交易违规	陕西坚瑞沃能股份有限公司
2762930	股票转让-股权受让	珠海中富实业股份有限公司
2741313	交易违规	德奥通用航空股份有限公司
2214577	股票转让-股权受让	西南证券
2182430	股票转让-股权受让	国民投资
2778871	债务违约	森源家具
2602560	交易违规	山东龙力生物科技股份有限公司
2743285	债务违约	信达资产
2229933	债务违约	国通信托
2207016	交易违规	山东龙力生物科技股份有限公司
2762016	股票转让-股权受让	汉能控股集团
2772578	交易违规	中弘股份
2162279	股票转让-股权受让	苏州银行
2856878	涉嫌传销	华锐风电
2837994	股票转让-股权受让	东北证券
3023239	股票转让-股权受让	北极皓天
2367436	股票转让-股权受让	摩根士丹利华鑫证券有限责任公司
3101245	股票转让-股权受让	东方园林
2920201	股票转让-股权受让	嘉联支付
2498951	股票转让-股权受让	麦德龙
3056581	股票转让-股权受让	东诚瑞业
2150899	债务违约	易见供应链管理股份有限公司
2501874	股票转让-股权受让	上海中技企业集团有限公司
2261804	债务违约	日照港集团有限公司
2496097	履行连带担保责任	日照港 
2795500	交易违规	华泰汽车
2223563	债务违约	江苏通达动力科技股份有限公司
3107447	债务违约	财富星球
2839833	交易违规	美银宝信息技术（上海）有限公司
2688588	债务违约	麦克奥迪
2303109	交易违规	河南曙光汇知康生物科技股份有限公司
2714332	债务违约	中青旅和嘉事堂药业股份有限公司
3045496	债务违约	宁波中百股份有限公司
2726681	债务违约	国海证券
2319313	涉嫌传销	摩根华鑫
2543842	债务违约	广东众生药业股份有限公司
2560702	交易违规	顺丰
2842914	股票转让-股权受让	安徽华信国际控股股份有限公司
2980784	交易违规	江阴农商行
2474059	债务违约	润达医疗
2252178	股票转让-股权受让	恒天集团
2442900	债务违约	江苏蓝创智能科技股份有限公司
2207513	股票转让-股权受让	四川发展
2313423	股票转让-股权受让	乐视网信息技术(北京)股份有限公司
2814453	股票转让-股权受让	摩根士丹利华鑫证券有限责任公司
2607139	债务违约	北京华泰润达节能科技有限公司
2926842	债务违约	锦程沙洲
2418969	交易违规	嘉联支付
2320120	股票转让-股权受让	江西赣锋锂业股份有限公司
3141921	股票转让-股权受让	武汉金融控股集团
2501655	股票转让-股权受让	北京华录百纳影视股份有限公司
2976143	债务违约	联赛金鹰基金
2224727	债务违约	中天金融集团股份有限公司
2275962	债务违约	国海证券
2187152	业务资产重组	上海交大昂立
2551186	业务资产重组	Lazada
2221075	股票转让-股权受让	申通快递
3137185	股票转让-股权受让	武汉雕龙医疗数据服务股份有限公司
2474987	债务违约	南京金蛋科技股份有限公司
2547650	交易违规	瑞银证券
2977978	债务违约	昆仑信托有限责任公司昆仑信托有限责任公司
2284706	债务违约	六国化工
2160267	债务违约	上海晟天企业发展有限公司
2438235	股票转让-股权受让	上海中毅达股份有限公司
2586846	业务资产重组	同方友友
2182919	股票转让-股权受让	上海岩石企业发展股份有限公司
2752444	股票转让-股权受让	中国华大
3029092	债务违约	深圳市宇顺电子股份有限公司
2808642	债务违约	山东鲁北化工股份有限公司
2863652	交易违规	康盛股份
3145375	债务违约	长沙水业
2989433	股票转让-股权受让	跨境通宝电子商务股份有限公司
3008946	交易违规	金鹰基金
2601487	股票转让-股权受让	南华生物医药股份有限公司
2919334	交易违规	泰国正大集团正大上海有限公司
2830923	股票转让-股权受让	北京华录百纳影视股份有限公司
2640768	债务违约	跨境通宝电子商务股份有限公司
3126234	交易违规	万向三农集团有限公司
2382411	股票转让-股权受让	华平信息技术股份有限公司
2802712	债务违约	郑州兆佳科技
3084676	股票转让-股权受让	跨境通宝电子商务股份有限公司
2525873	业务资产重组	通化金马
3098656	债务违约	浙江融信
2349694	债务违约	武汉中商集团股份有限公司
2514045	交易违规	冠昊生物科技股份有限公司
2575552	股票转让-股权受让	安徽盛运环保(集团)股份有限公司
2894870	债务违约	深圳合德堂实业有限公司
2916322	股票转让-股权受让	日照港
2795591	债务违约	安徽创谷
2352147	交易违规	华泰珠宝发展(上海)股份有限公司
2316195	提现困难	浙江仁智股份有限公司
2929325	债务违约	百花村
2407929	债务违约	天安科技
2557104	股票转让-股权受让	江苏连云港港口股份有限公司
2960989	债务违约	麦德龙集团
2345487	股票转让-股权受让	四川泰合置业集团有限公司
2978408	交易违规	梦网
3017927	交易违规	哈药集团股份有限公司
2652454	债务违约	奇信志成
2496657	交易违规	太原狮头水泥股份有限公司
2808970	债务违约	中江信托
2528376	股票转让-股权受让	德力西集团有限公司
2427750	交易违规	青岛港
2182294	债务违约	哈药集团
2256720	财务造假	摩根士丹利华鑫证券有限责任公司
3032293	债务违约	上海广泽食品科技股份有限公司
2192495	股票转让-股权受让	安顺国资
2744664	股票转让-股权受让	包商银行
2715042	交易违规	全联车商投资管理(北京)有限公司
2311044	股票转让-股权受让	力帆汽车
2674434	债务违约	暴风智能
2733194	股票转让-股权受让	顺丰
2603315	股票转让-股权受让	众泰汽车
2173166	业务资产重组	欧菲科技
2225255	股票转让-股权受让	乐视
2998512	交易违规	杭州鼎家
2849535	股票转让-股权受让	21亿
3055907	股票转让-股权受让	庞大集团
2470359	股票转让-股权受让	庞大集团
2370030	交易违规	包商银行
2218637	债务违约	中利集团
2578520	债务违约	佛山实现梦想科技有限公司
2626135	交易违规	金锐显应收新乐视智家
2966708	业务资产重组	庞大集团
2867078	股票转让-股权受让	包商银行
2156719	业务资产重组	华夏幸福
2725874	交易违规	中城建
2477287	业务资产重组	中天
3057034	股票转让-股权受让	共享单车
2359559	股票转让-股权受让	ST海马
2445913	业务资产重组	泰禾集团
2311130	股票转让-股权受让	网利宝
2219631	股票转让-股权受让	乐视
2634433	涉嫌传销	GW 科技
2695374	债务违约	金立
2850045	股票转让-股权受让	重庆新兆投资
2513128	股票转让-股权受让	天翔环境
2527686	交易违规	宏图高科
2365185	债务违约	首金网
3109675	业务资产重组	水果营行
2344507	股票转让-股权受让	坚瑞沃能
2630190	业务资产重组	康得新
2981692	业务资产重组	天翔环境
3039482	股票转让-股权受让	东卡环保工程技术有限公司
2216958	交易违规	ofo
2921922	交易违规	波导
2730041	业务资产重组	中信国安
2637039	业务资产重组	精功系
3078107	交易违规	宁波保税区
2463118	交易违规	中弘股份
2499219	股票转让-股权受让	东旭光电
2157230	业务资产重组	乐视
2974480	股票转让-股权受让	国威科技
2942173	股票转让-股权受让	德银股份
2514772	交易违规	海铝业
2197707	股票转让-股权受让	法拉第
2307141	股票转让-股权受让	ST中南
2680328	业务资产重组	金洲慈航
2796644	交易违规	韦博英语教育培训公司
3133535	交易违规	正邦科技
2508917	债务违约	丰盛集团
2796040	股票转让-股权受让	海通恒信
2710637	股票转让-股权受让	康美药业
2693198	债务违约	ofo
2224904	股票转让-股权受让	绿城
2367559	业务资产重组	融创中国
2857342	业务资产重组	青岛红树林
2273694	债务违约	OFO
2773781	业务资产重组	金立
2815552	业务资产重组	飞马国际
2217739	股票转让-股权受让	香港时颖公司
2457503	债务违约	暴风集团
2633307	业务资产重组	九五贵宾会
2563695	债务违约	庞大集团
2334387	业务资产重组	华龙包装
2535275	交易违规	ofo
2717057	债务违约	*ST利源
2900306	业务资产重组	恒大健康
2768727	业务资产重组	乐视
3119719	股票转让-股权受让	泰禾
3060539	交易违规	海通证券
3056454	交易违规	广州中茂园林建设工程有限公司
2856918	股票转让-股权受让	楚昌投资
3042505	业务资产重组	万达
2285529	债务违约	拜腾
2473797	债务违约	成都豪能科技股份有限公司
2667684	业务资产重组	庞大集团
2877977	债务违约	银亿股份
2595317	股票转让-股权受让	ST白兔湖
3113960	交易违规	宝塔实业
2343454	股票转让-股权受让	德国德司达公司
2673912	股票转让-股权受让	ofo
2616069	股票转让-股权受让	中法人寿
2390817	债务违约	上清所
2664517	债务违约	青年莲花
2763414	股票转让-股权受让	庞大集团
2950263	股票转让-股权受让	金亚科技
3075512	交易违规	康美药业
2413519	股票转让-股权受让	三菱汽车公司
2838360	股票转让-股权受让	康美
2742060	股票转让-股权受让	百济神州
2780522	股票转让-股权受让	河北银行
2846531	股票转让-股权受让	风华高科
2430781	交易违规	康美药业
3112681	债务违约	康美药业
2715127	股票转让-股权受让	康得新
2687209	债务违约	包钢股份
2827231	业务资产重组	丰田合成
2270146	业务资产重组	康美
2410823	股票转让-股权受让	年富供应链
3125516	股票转让-股权受让	莱商银行
2264672	股票转让-股权受让	康美药业
2278135	股票转让-股权受让	丹东欣泰电气股份有限公司
2432882	业务资产重组	康美药业
2272474	交易违规	康美药业
2890968	股票转让-股权受让	圣莱达
2848556	nan	康得新
2369047	股票转让-股权受让	东芝
2735843	股票转让-股权受让	康美
2710657	业务资产重组	康得新
3076512	交易违规	康得新
2894841	业务资产重组	康美
2696429	债务违约	康美
3066833	业务资产重组	康得新
2771315	业务资产重组	康美药业
2272408	债务违约	康美药业
2762478	资金紧张	东方电子
2818996	交易违规	康得新
2895292	股票转让-股权受让	康得新
2681232	股票转让-股权受让	奥林巴斯
2641839	债务违约	康美药业
2741453	股票转让-股权受让	五洋建设
3008074	交易违规	康美药业
2620633	股票转让-股权受让	田中精机
3129146	债务违约	证监会
2529630	股票转让-股权受让	金元证券
2630368	债务违约	康得集团
2497827	履行连带担保责任	北京新娱
2836168	股票转让-股权受让	洛阳银行
2187505	股票转让-股权受让	江苏连云港港口股份有限公司
2339385	nan	康美药业
2897124	财务造假	中正珠江
2356265	债务违约	ST康美
3033017	债务违约	ST康德
3099647	股票转让-股权受让	花旗集团
3066738	交易违规	康美药业
2146779	交易违规	福佑卡车
2847999	债务违约	康德
2843254	股票转让-股权受让	北京天星普信生物医药有限公司
2223957	交易违规	辅仁药业
2568269	债务违约	康得新
2529651	股票转让-股权受让	康美药业
3067963	业务资产重组	康美
2470200	股票转让-股权受让	康得集团
2516634	股票转让-股权受让	航天通信
2698600	股票转让-股权受让	*ST百特财务
2999560	交易违规	康美药业
2842867	债务违约	启迪桑德
2280321	股票转让-股权受让	康美药业
2380462	投诉维权	康美药业
2398182	交易违规	康德新
2458636	业务资产重组	康美药业
3123451	股票转让-股权受让	康美药业
2819420	交易违规	2015年2018年期间虚构采购
2603239	交易违规	康美药业
2332933	股票转让-股权受让	康美药业
3015068	交易违规	禹洲地产
2206173	债务违约	康美药业
2157720	交易违规	康美药业
2994720	股票转让-股权受让	康美药业
2193667	股票转让-股权受让	天津创业环保集团股份有限公司
2419396	股票转让-股权受让	康美药业
2587033	股票转让-股权受让	康美药业
2573851	股票转让-股权受让	广药集团
2722934	交易违规	康美药业
2994595	股票转让-股权受让	神雾环保
2430366	债务违约	*ST昆机
2625283	股票转让-股权受让	龙薇传媒
2372294	债务违约	康美药业
2258503	业务资产重组	康美药业
2720045	股票转让-股权受让	五洋建设
2815993	股票转让-股权受让	通用电气
2690007	交易违规	风华高科
2172382	股票转让-股权受让	康美药业
2931301	股票转让-股权受让	美国安然公司
3049071	股票转让-股权受让	莱商银行
